review,genre
"This movie was amazing! The plot was thrilling and the acting was superb.",drama
"I loved the comedy in this film. It had me laughing the whole time.",comedy
"The horror elements were terrifying. I couldn't sleep after watching it.",horror
"This action movie had great fight scenes and explosions.",action
"The romance was so touching and heartfelt.",romance
"This drama kept me on the edge of my seat with its emotional depth.",drama
"The comedy was hilarious, full of witty dialogues and funny situations.",comedy
"I was scared throughout the horror movie, the suspense was intense.",horror
"Non-stop action with amazing stunts and special effects.",action
"A beautiful love story that touched my heart.",romance
"Another thrilling drama with complex characters.",drama
"More laughs in this comedy sequel.",comedy
"The horror sequel was even scarier than the first.",horror
"Explosive action sequences in this blockbuster.",action
"Romantic moments that made me cry.",romance
"Intense drama with powerful performances.",drama
"Side-splitting comedy that never gets old.",comedy
"Nightmare-inducing horror that haunts you.",horror
"High-octane action packed with adrenaline.",action
"Sweet romance that warms the soul.",romance
"Drama that explores human emotions deeply.",drama
"Comedy with clever jokes and timing.",comedy
"Horror that builds tension masterfully.",horror
"Action with breathtaking fight choreography.",action
"Romance filled with passion and tenderness.",romance
